,n_cells,n_counts,highly_variable,means,dispersions,dispersions_norm,score,gene,pvalue,corrected_pvalue
7,153,279514.0,True,4.7549692965986905,11.083132098080231,5.3928924,0.0,IGLV2-11,1.928244366563821e-08,1.735419929907439e-07
0,129,264150.0,True,4.675523604576515,11.026901948154444,5.317174,0.0,IGKV1-17,1.5140191785443108e-07,1.3626172606898798e-06
6,110,1197541.0,True,5.718319385024955,11.721430441626369,5.7604246,0.0,IGLV3-25,5.067143603181706e-06,4.5604292428635356e-05
3,207,865647.0,True,5.424498751929864,11.238473842235733,6.0407844,0.0,IGLV1-47,1.5875731084308777e-05,0.000142881579758779
8,61,404973.0,True,4.840543522504327,11.75659581390928,6.299769,0.0,IGLV3-10,0.0016071670086251115,0.014464503077626003
5,55,161359.0,True,4.579400806615625,12.372477852261884,7.1291065,0.013,IGLV5-45,0.015047820909702747,0.13543038818732472
1,448,1752430.0,True,5.811426203532486,11.550820380581753,5.543413,0.346,IGHA2,0.34609657467542376,1
2,51,162617.0,True,3.902661497009829,10.726576899249535,5.411063,0.978,CCL4,0.9601325558054833,1
4,51,516805.0,True,4.940822070551966,11.654445359254941,6.648294,0.308,IGLV7-46,0.23705972640275602,1
